time,latitude,longitude,depth,mag,magType,nst,gap,dmin,rms,net,id,updated,place,type
1980-08-31T23:38:36.000Z,40.659,77.724,40,4.8,mb,,,,,pde,pde19800831233836000_40,2013-02-08T21:40:30.195Z,"southern Xinjiang, China",earthquake
1980-08-31T22:05:33.300Z,12.128,46.006,10,4.7,mb,,,,,pde,pde19800831220533300_10,2013-02-08T21:40:30.194Z,"Gulf of Aden",earthquake
1980-08-31T20:02:00.800Z,3.25,-79.035,22,4.8,mb,,,,,pde,pde19800831200200800_22,2013-02-08T21:40:30.193Z,"south of Panama",earthquake
1980-08-31T17:50:18.900Z,-0.128,123.118,122,4.9,mb,,,,,pde,pde19800831175018900_122,2013-02-08T21:40:30.193Z,"Sulawesi, Indonesia",earthquake
1980-08-31T17:38:47.000Z,29.695,-113.583,15,4.6,mb,,,,,pde,pde19800831173847000_15,2013-02-08T21:40:30.192Z,"Baja California, Mexico",earthquake
1980-08-31T17:37:18.900Z,-39.884,173.948,160,4.2,mb,,,,,pde,pde19800831173718900_160,2013-02-08T21:40:30.191Z,"off the west coast of the North Island of New Zealand",earthquake
1980-08-31T17:03:22.300Z,-6.25,-80.884,28,5.2,mb,,,,,pde,pde19800831170322300_28,2013-02-08T21:40:30.190Z,"near the coast of northern Peru",earthquake
1980-08-31T16:48:45.200Z,62.49,-151.005,106,,,,,,,pde,pde19800831164845200_106,2013-02-08T21:40:30.190Z,"Central Alaska",earthquake
1980-08-31T16:30:55.800Z,11.305,57.501,10,5.3,mb,,,,,pde,pde19800831163055800_10,2013-02-08T21:40:30.189Z,"Owen Fracture Zone region",earthquake
1980-08-31T16:29:33.000Z,-0.15,123.046,101.6,5.5,ms,94,,,,centennial,centennial19800831162933,2013-07-09T19:07:52.000Z,"Sulawesi, Indonesia",earthquake
1980-08-31T14:12:40.100Z,-12.499,166.462,42,5.6,mb,,,,,pde,pde19800831141240100_42,2013-02-08T21:40:30.187Z,"Santa Cruz Islands",earthquake
1980-08-31T12:04:57.400Z,3.766,-78.783,26,4.8,mb,,,,,pde,pde19800831120457400_26,2013-02-08T21:40:30.186Z,"south of Panama",earthquake
1980-08-31T10:32:46.600Z,35.217,-118.6,3,3.5,ml,,,,,pde,pde19800831103246600_3,2013-02-08T21:40:30.185Z,"Central California",earthquake
1980-08-31T09:51:22.500Z,-24.102,179.009,524,4.9,mb,,,,,pde,pde19800831095122500_524,2013-02-08T21:40:30.184Z,"south of the Fiji Islands",earthquake
1980-08-31T08:38:56.900Z,-31.634,-67.916,10,,,,,,,pde,pde19800831083856900_10,2013-02-08T21:40:30.184Z,"San Juan, Argentina",earthquake
1980-08-31T07:23:01.700Z,39.933,14.994,300,4,mb,,,,,pde,pde19800831072301700_300,2013-02-08T21:40:30.183Z,"Tyrrhenian Sea",earthquake
1980-08-31T07:08:37.800Z,-17.243,169.064,236,4.2,mb,,,,,pde,pde19800831070837800_236,2013-02-08T21:40:30.182Z,"Vanuatu",earthquake
1980-08-31T05:21:30.600Z,-45.039,-17.18,10,4.9,mb,,,,,pde,pde19800831052130600_10,2013-02-08T21:40:30.181Z,"southern Mid-Atlantic Ridge",earthquake
1980-08-31T03:58:34.100Z,30.179,138.552,415,4,mb,,,,,pde,pde19800831035834100_415,2013-02-08T21:40:30.180Z,"Izu Islands, Japan region",earthquake
1980-08-31T03:17:42.900Z,3.579,-78.562,33,4.5,mb,,,,,pde,pde19800831031742900_33,2013-02-08T21:40:30.179Z,"south of Panama",earthquake
1980-08-31T01:43:59.800Z,-15.776,-172.148,33,4.7,mb,,,,,pde,pde19800831014359800_33,2013-02-08T21:40:30.178Z,"Samoa Islands region",earthquake
1980-08-30T23:38:36.000Z,33.55,-116.667,11,3.5,ml,,,,,pde,pde19800830233836000_11,2013-02-08T21:40:30.177Z,"Southern California",earthquake
1980-08-30T19:55:04.900Z,-29.278,-71.234,100,5,mb,,,,,pde,pde19800830195504900_100,2013-02-08T21:40:30.176Z,"Coquimbo, Chile",earthquake
1980-08-30T19:38:38.900Z,3.597,-78.621,25,4.7,mb,,,,,pde,pde19800830193838900_25,2013-02-08T21:40:30.175Z,"south of Panama",earthquake
1980-08-30T18:15:27.700Z,-4.191,152.599,33,4.7,mb,,,,,pde,pde19800830181527700_33,2013-02-08T21:40:30.174Z,"New Britain region, Papua New Guinea",earthquake
1980-08-30T17:49:34.600Z,37.6,-118.817,5,3,ml,,,,,pde,pde19800830174934600_5,2013-02-08T21:40:30.173Z,"Long Valley area, California",earthquake
1980-08-30T17:44:03.600Z,-4.263,152.702,35,5.4,mb,,,,,pde,pde19800830174403600_35,2013-02-08T21:40:30.172Z,"New Britain region, Papua New Guinea",earthquake
1980-08-30T14:23:38.200Z,-31.714,139.262,33,4.2,mb,,,,,pde,pde19800830142338200_33,2013-02-08T21:40:30.170Z,"South Australia",earthquake
1980-08-30T13:14:00.900Z,-5.278,144.029,104,4.8,mb,,,,,pde,pde19800830131400900_104,2013-02-08T21:40:30.169Z,"New Guinea, Papua New Guinea",earthquake
1980-08-30T12:33:36.400Z,30.143,-112.986,15,4.1,mb,,,,,pde,pde19800830123336400_15,2013-02-08T21:40:30.168Z,"Sonora, Mexico",earthquake
1980-08-30T11:00:12.100Z,21.649,142.882,310,4.3,mb,,,,,pde,pde19800830110012100_310,2013-02-08T21:40:30.167Z,"Mariana Islands region",earthquake
1980-08-30T10:53:29.100Z,37.58,-118.77,5,3.7,ml,,,,,pde,pde19800830105329100_5,2013-02-08T21:40:30.166Z,"Central California",earthquake
1980-08-30T09:42:04.400Z,-15.286,-174.007,33,5,ms,,,,,pde,pde19800830094204400_33,2013-02-08T21:40:30.165Z,"Tonga",earthquake
1980-08-30T08:32:48.200Z,46.167,153.272,33,4.9,mb,,,,,pde,pde19800830083248200_33,2013-02-08T21:40:30.164Z,"Kuril Islands",earthquake
1980-08-30T08:06:23.300Z,29.834,-113.395,15,4.4,mb,,,,,pde,pde19800830080623300_15,2013-02-08T21:40:30.163Z,"Baja California, Mexico",earthquake
1980-08-30T07:58:27.800Z,-6.273,105.329,33,4.9,mb,,,,,pde,pde19800830075827800_33,2013-02-08T21:40:30.162Z,"Sunda Strait, Indonesia",earthquake
1980-08-30T04:17:22.400Z,29.603,-113.483,15,5.2,ms,,,,,pde,pde19800830041722400_15,2013-02-08T21:40:30.161Z,"Baja California, Mexico",earthquake
1980-08-30T03:29:57.900Z,-22.24,-68.53,123,4.5,mb,,,,,pde,pde19800830032957900_123,2013-02-08T21:40:30.160Z,"Antofagasta, Chile",earthquake
1980-08-30T03:27:46.400Z,30.459,94.727,33,4.6,mb,,,,,pde,pde19800830032746400_33,2013-02-08T21:40:30.159Z,"eastern Xizang",earthquake
1980-08-30T03:22:54.000Z,29.747,-113.439,15,4.8,mb,,,,,pde,pde19800830032254000_15,2013-02-08T21:40:30.158Z,"Baja California, Mexico",earthquake
1980-08-30T00:18:21.100Z,59.522,-152.84,81,4.5,mb,,,,,pde,pde19800830001821100_81,2013-02-08T21:40:30.157Z,"Southern Alaska",earthquake
1980-08-29T21:25:55.000Z,-22.892,-66.425,240,4.6,mb,,,,,pde,pde19800829212555000_240,2013-02-08T21:40:30.156Z,"Jujuy, Argentina",earthquake
1980-08-29T20:09:11.600Z,30.013,-113.214,15,4.8,mb,,,,,pde,pde19800829200911600_15,2013-02-08T21:40:30.154Z,"Gulf of California",earthquake
1980-08-29T17:55:43.300Z,32.182,-116.383,5,3.5,ml,,,,,pde,pde19800829175543300_5,2013-02-08T21:40:30.153Z,"Baja California, Mexico",earthquake
1980-08-29T17:16:40.500Z,38.273,-122.07,5,2.5,ml,,,,,pde,pde19800829171640500_5,2013-02-08T21:40:30.152Z,"Northern California",earthquake
1980-08-29T15:49:42.100Z,30.274,94.903,41,4.6,mb,,,,,pde,pde19800829154942100_41,2013-02-08T21:40:30.152Z,"eastern Xizang",earthquake
1980-08-29T12:56:10.300Z,29.782,-113.073,15,4.3,mb,,,,,pde,pde19800829125610300_15,2013-02-08T21:40:30.151Z,"Baja California, Mexico",earthquake
1980-08-29T12:48:29.600Z,-5.229,146.648,175,4.6,mb,,,,,pde,pde19800829124829600_175,2013-02-08T21:40:30.150Z,"eastern New Guinea region, Papua New Guinea",earthquake
1980-08-29T11:08:19.400Z,-4.705,153.213,73,5.1,mb,,,,,pde,pde19800829110819400_73,2013-02-08T21:40:30.149Z,"New Ireland region, Papua New Guinea",earthquake
1980-08-29T10:38:13.700Z,-39.664,-73.103,34,5.4,mb,,,,,pde,pde19800829103813700_34,2013-02-08T21:40:30.149Z,"Los Lagos, Chile",earthquake
1980-08-29T08:57:55.200Z,30.211,-113.212,15,5,mb,,,,,pde,pde19800829085755200_15,2013-02-08T21:40:30.148Z,"Gulf of California",earthquake
1980-08-29T07:41:50.000Z,19.465,145.181,151,4.7,mb,,,,,pde,pde19800829074150000_151,2013-02-08T21:40:30.147Z,"Maug Islands region, Northern Mariana Islands",earthquake
1980-08-29T06:33:27.100Z,44.024,16.958,10,,,,,,,pde,pde19800829063327100_10,2013-02-08T21:40:30.147Z,"Bosnia and Herzegovina",earthquake
1980-08-29T06:09:58.100Z,30.031,-113.314,15,4.2,mb,,,,,pde,pde19800829060958100_15,2013-02-08T21:40:30.146Z,"Gulf of California",earthquake
1980-08-29T05:47:14.600Z,-3.373,148.417,33,4.8,mb,,,,,pde,pde19800829054714600_33,2013-02-08T21:40:30.145Z,"Bismarck Sea",earthquake
1980-08-29T03:56:38.700Z,26.691,61.341,33,4.5,mb,,,,,pde,pde19800829035638700_33,2013-02-08T21:40:30.144Z,"Iran-Pakistan border region",earthquake
1980-08-29T03:11:40.900Z,8.7,125.508,50,4.2,mb,,,,,pde,pde19800829031140900_50,2013-02-08T21:40:30.144Z,"Mindanao, Philippines",earthquake
1980-08-29T00:23:05.700Z,37.55,-118.867,12,3.1,ml,,,,,pde,pde19800829002305700_12,2013-02-08T21:40:30.143Z,"Central California",earthquake
1980-08-28T23:55:26.900Z,14.929,123.988,33,4.8,mb,,,,,pde,pde19800828235526900_33,2013-02-08T21:40:30.143Z,"Luzon, Philippines",earthquake
1980-08-28T23:14:01.700Z,15.349,-61.045,132,4.6,mb,,,,,pde,pde19800828231401700_132,2013-02-08T21:40:30.142Z,"Dominica region, Leeward Islands",earthquake
1980-08-28T19:30:52.700Z,-22.91,171.111,33,4.3,mb,,,,,pde,pde19800828193052700_33,2013-02-08T21:40:30.141Z,"southeast of the Loyalty Islands",earthquake
1980-08-28T19:07:12.800Z,-19.206,168.807,33,4.9,mb,,,,,pde,pde19800828190712800_33,2013-02-08T21:40:30.141Z,"Vanuatu",earthquake
1980-08-28T18:51:35.900Z,0.808,126.301,53,4.4,mb,,,,,pde,pde19800828185135900_53,2013-02-08T21:40:30.140Z,"Molucca Sea",earthquake
1980-08-28T16:12:27.900Z,-11.302,118.853,80,,,,,,,pde,pde19800828161227900_80,2013-02-08T21:40:30.139Z,"south of Sumbawa, Indonesia",earthquake
1980-08-28T16:01:39.400Z,19.206,-108.814,10,4.3,mb,,,,,pde,pde19800828160139400_10,2013-02-08T21:40:30.139Z,"Revilla Gigedo Islands region",earthquake
1980-08-28T14:37:51.300Z,-30.697,24.399,33,4.9,mb,,,,,pde,pde19800828143751300_33,2013-02-08T21:40:30.138Z,"South Africa",earthquake
1980-08-28T11:40:17.100Z,-22.723,-66.274,294,4.6,mb,,,,,pde,pde19800828114017100_294,2013-02-08T21:40:30.137Z,"Jujuy, Argentina",earthquake
1980-08-28T09:47:12.800Z,5.728,126.034,121,4.2,mb,,,,,pde,pde19800828094712800_121,2013-02-08T21:40:30.137Z,"Mindanao, Philippines",earthquake
1980-08-28T08:36:47.900Z,24.674,123.564,33,3.9,mb,,,,,pde,pde19800828083647900_33,2013-02-08T21:40:30.136Z,"southwestern Ryukyu Islands, Japan",earthquake
1980-08-28T07:55:24.200Z,15.81,94.78,40,4.8,mb,,,,,pde,pde19800828075524200_40,2013-02-08T21:40:30.135Z,"near the south coast of Myanmar",earthquake
1980-08-28T03:33:35.400Z,21.902,94.931,120,4.6,mb,,,,,pde,pde19800828033335400_120,2013-02-08T21:40:30.135Z,"Myanmar",earthquake
1980-08-28T03:11:40.600Z,-10.634,116.662,40,5.2,mb,,,,,pde,pde19800828031140600_40,2013-02-08T21:40:30.134Z,"south of Lombok, Indonesia",earthquake
1980-08-28T00:13:28.200Z,-2.376,133.467,33,4.9,mb,,,,,pde,pde19800828001328200_33,2013-02-08T21:40:30.133Z,"Papua, Indonesia",earthquake
1980-08-27T20:23:51.200Z,44.029,84.998,33,4.6,mb,,,,,pde,pde19800827202351200_33,2013-02-08T21:40:30.133Z,"northern Xinjiang, China",earthquake
1980-08-27T20:11:13.500Z,36.812,48.756,33,4.1,mb,,,,,pde,pde19800827201113500_33,2013-02-08T21:40:30.132Z,"northwestern Iran",earthquake
1980-08-27T17:36:46.700Z,8.241,137.623,33,4.9,mb,,,,,pde,pde19800827173646700_33,2013-02-08T21:40:30.131Z,"State of Yap, Federated States of Micronesia",earthquake
1980-08-27T13:06:03.500Z,-57.638,157.95,33,4.6,mb,,,,,pde,pde19800827130603500_33,2013-02-08T21:40:30.131Z,"Macquarie Island region",earthquake
1980-08-27T09:40:29.700Z,-6.35,149.397,54,4.6,mb,,,,,pde,pde19800827094029700_54,2013-02-08T21:40:30.130Z,"New Britain region, Papua New Guinea",earthquake
1980-08-27T04:30:16.700Z,15.869,94.701,29,5.5,mb,,,,,pde,pde19800827043016700_29,2013-02-08T21:40:30.129Z,"near the south coast of Myanmar",earthquake
1980-08-26T17:20:45.300Z,-40.049,175.066,46,4.7,mb,,,,,pde,pde19800826172045300_46,2013-02-08T21:40:30.129Z,"North Island of New Zealand",earthquake
1980-08-26T17:05:05.600Z,-31.987,-178.024,33,4.9,mb,,,,,pde,pde19800826170505600_33,2013-02-08T21:40:30.128Z,"Kermadec Islands region",earthquake
1980-08-26T13:04:57.700Z,14.326,146.934,53,4.1,mb,,,,,pde,pde19800826130457700_53,2013-02-08T21:40:30.127Z,"Rota region, Northern Mariana Islands",earthquake
1980-08-26T08:37:09.800Z,-32.087,-69.844,112,,,,,,,pde,pde19800826083709800_112,2013-02-08T21:40:30.126Z,"San Juan, Argentina",earthquake
1980-08-26T05:08:08.800Z,30.305,94.888,33,4.7,mb,,,,,pde,pde19800826050808800_33,2013-02-08T21:40:30.126Z,"eastern Xizang",earthquake
1980-08-26T03:11:27.200Z,33.367,-116.4,5,3,ml,,,,,pde,pde19800826031127200_5,2013-02-08T21:40:30.125Z,"Southern California",earthquake
1980-08-26T01:35:03.400Z,62.762,-153.036,33,3.9,ml,,,,,pde,pde19800826013503400_33,2013-02-08T21:40:30.124Z,"Central Alaska",earthquake
1980-08-25T21:58:55.600Z,-33.235,-67.936,33,,,,,,,pde,pde19800825215855600_33,2013-02-08T21:40:30.123Z,"Mendoza, Argentina",earthquake
1980-08-25T21:38:58.000Z,-14.784,167.915,33,5.5,mb,,,,,pde,pde19800825213858000_33,2013-02-08T21:40:30.122Z,"Vanuatu",earthquake
1980-08-25T19:22:30.900Z,13.795,120.674,114,4.8,mb,,,,,pde,pde19800825192230900_114,2013-02-08T21:40:30.121Z,"Mindoro, Philippines",earthquake
1980-08-25T18:48:53.800Z,-5.728,146.868,33,,,,,,,pde,pde19800825184853800_33,2013-02-08T21:40:30.120Z,"eastern New Guinea region, Papua New Guinea",earthquake
1980-08-25T18:10:37.800Z,56.7,-136.45,22,,,,,,,pde,pde19800825181037800_22,2013-02-08T21:40:30.119Z,"off the coast of Southeastern Alaska",earthquake
1980-08-25T16:32:42.800Z,33.624,48.641,67,4.4,mb,,,,,pde,pde19800825163242800_67,2013-02-08T21:40:30.118Z,"western Iran",earthquake
1980-08-25T15:58:36.500Z,40.183,-119.983,5,3.9,ml,,,,,pde,pde19800825155836500_5,2013-02-08T21:40:30.117Z,"Nevada",earthquake
1980-08-25T15:45:18.400Z,65.299,-149.962,37,3.6,ml,,,,,pde,pde19800825154518400_37,2013-02-08T21:40:30.116Z,"northern Alaska",earthquake
1980-08-25T14:13:53.000Z,-6.228,145.66,135,4.4,mb,,,,,pde,pde19800825141353000_135,2013-02-08T21:40:30.115Z,"New Guinea, Papua New Guinea",earthquake
1980-08-25T13:38:24.400Z,59.947,-152.534,33,4.8,mb,,,,,pde,pde19800825133824400_33,2013-02-08T21:40:30.114Z,"Southern Alaska",earthquake
1980-08-25T11:41:36.900Z,38.2,-83.91,13,2.5,,,,,,pde,pde19800825114136900_13,2013-02-08T21:40:30.113Z,"eastern Kentucky",earthquake
1980-08-25T08:36:51.000Z,37.781,21.496,33,3.6,ml,,,,,pde,pde19800825083651000_33,2013-02-08T21:40:30.112Z,"southern Greece",earthquake
1980-08-25T07:53:21.200Z,25.404,126.156,96,4.5,mb,,,,,pde,pde19800825075321200_96,2013-02-08T21:40:30.111Z,"Ryukyu Islands, Japan",earthquake
1980-08-25T03:46:57.000Z,30.392,94.842,33,4.6,mb,,,,,pde,pde19800825034657000_33,2013-02-08T21:40:30.110Z,"eastern Xizang",earthquake
1980-08-25T03:26:24.600Z,33.15,-115.667,9,3,ml,,,,,pde,pde19800825032624600_9,2013-02-08T21:40:30.109Z,"Southern California",earthquake
1980-08-25T01:40:06.000Z,-2.913,101.273,72,5.1,mb,,,,,pde,pde19800825014006000_72,2013-02-08T21:40:30.107Z,"southern Sumatra, Indonesia",earthquake
1980-08-25T00:40:48.200Z,51.115,15.745,10,3.3,ml,,,,,pde,pde19800825004048200_10,2013-02-08T21:40:30.106Z,"Poland",earthquake
1980-08-24T23:53:40.200Z,-32.313,-72.125,33,4.8,mb,,,,,pde,pde19800824235340200_33,2013-02-08T21:40:30.105Z,"offshore Valparaiso, Chile",earthquake
1980-08-24T23:38:49.500Z,37.65,-118.85,5,3.3,ml,,,,,pde,pde19800824233849500_5,2013-02-08T21:40:30.104Z,"Long Valley area, California",earthquake
1980-08-24T22:57:01.500Z,9.389,126.666,57,4.4,mb,,,,,pde,pde19800824225701500_57,2013-02-08T21:40:30.103Z,"Mindanao, Philippines",earthquake
1980-08-24T20:56:35.200Z,1.347,123.639,260,4.6,mb,,,,,pde,pde19800824205635200_260,2013-02-08T21:40:30.101Z,"Minahasa, Sulawesi, Indonesia",earthquake
1980-08-24T20:42:21.400Z,-6.966,129.937,101,5.1,mb,,,,,pde,pde19800824204221400_101,2013-02-08T21:40:30.099Z,"Banda Sea",earthquake
1980-08-24T20:10:06.000Z,-15.223,-173.442,35.2,6.2,ms,201,,,,centennial,centennial19800824201006,2014-03-17T17:27:32.860Z,"Tonga",earthquake
1980-08-24T19:26:36.700Z,-23.038,-69.088,75,4.8,mb,,,,,pde,pde19800824192636700_75,2013-02-08T21:40:30.097Z,"Antofagasta, Chile",earthquake
1980-08-24T16:45:27.000Z,-40.068,175.412,57,4.7,mb,,,,,pde,pde19800824164527000_57,2013-02-08T21:40:30.096Z,"North Island of New Zealand",earthquake
1980-08-24T14:46:09.700Z,-23.947,-179.94,504,4.9,mb,,,,,pde,pde19800824144609700_504,2013-02-08T21:40:30.095Z,"south of the Fiji Islands",earthquake
1980-08-24T13:43:40.200Z,31.68,141.566,48,4.7,mb,,,,,pde,pde19800824134340200_48,2013-02-08T21:40:30.093Z,"Izu Islands, Japan region",earthquake
1980-08-24T12:41:17.600Z,37.57,-121.672,6,4.1,ml,,,,,pde,pde19800824124117600_6,2013-02-08T21:40:30.092Z,"Northern California",earthquake
1980-08-24T11:00:37.100Z,60.422,-147.481,66,,,,,,,pde,pde19800824110037100_66,2013-02-08T21:40:30.091Z,"Southern Alaska",earthquake
1980-08-24T09:15:42.100Z,-6.591,150.512,33,3.6,mb,,,,,pde,pde19800824091542100_33,2013-02-08T21:40:30.090Z,"New Britain region, Papua New Guinea",earthquake
1980-08-24T08:32:22.500Z,47.186,-112.924,5,3.4,ml,,,,,pde,pde19800824083222500_5,2013-02-08T21:40:30.089Z,"western Montana",earthquake
1980-08-24T06:31:34.600Z,60.138,-153.224,139,,,,,,,pde,pde19800824063134600_139,2013-02-08T21:40:30.088Z,"Southern Alaska",earthquake
1980-08-24T05:44:17.400Z,53.236,159.732,54,4.7,mb,,,,,pde,pde19800824054417400_54,2013-02-08T21:40:30.087Z,"near the east coast of the Kamchatka Peninsula, Russia",earthquake
1980-08-24T05:06:15.800Z,38.401,143.546,33,4.6,mb,,,,,pde,pde19800824050615800_33,2013-02-08T21:40:30.086Z,"off the east coast of Honshu, Japan",earthquake
1980-08-24T02:54:26.700Z,62.452,-26.026,10,4.4,mb,,,,,pde,pde19800824025426700_10,2013-02-08T21:40:30.085Z,"Iceland region",earthquake
1980-08-24T01:05:58.100Z,-14.249,167.004,182,4.6,mb,,,,,pde,pde19800824010558100_182,2013-02-08T21:40:30.084Z,"Vanuatu",earthquake
1980-08-24T01:01:07.400Z,8.069,-77.341,82,5,mb,,,,,pde,pde19800824010107400_82,2013-02-08T21:40:30.083Z,"Panama-Colombia border region",earthquake
1980-08-24T00:52:46.700Z,7.919,-77.844,33,5.2,mb,,,,,pde,pde19800824005246700_33,2013-02-08T21:40:30.082Z,"Panama-Colombia border region",earthquake
1980-08-24T00:40:52.200Z,55.466,-159.083,53,4.4,mb,,,,,pde,pde19800824004052200_53,2013-02-08T21:40:30.081Z,"Alaska Peninsula",earthquake
1980-08-23T21:50:03.000Z,32.834,75.629,33,5.2,mb,,,,,pde,pde19800823215003000_33,2014-03-17T17:27:31.861Z,"Kashmir-India border region",earthquake
1980-08-23T21:36:51.600Z,32.913,75.633,25,5.2,mb,,,,,pde,pde19800823213651600_25,2014-03-17T17:27:30.898Z,"Kashmir-India border region",earthquake
1980-08-23T19:39:20.900Z,17.099,122.5,28,5.1,mb,,,,,pde,pde19800823193920900_28,2013-02-08T21:40:30.077Z,"Luzon, Philippines",earthquake
1980-08-23T19:18:50.800Z,-28.028,-66.719,174,4.5,mb,,,,,pde,pde19800823191850800_174,2013-02-08T21:40:30.076Z,"Catamarca, Argentina",earthquake
1980-08-23T18:28:44.800Z,10.961,-85.608,33,4.9,mb,,,,,pde,pde19800823182844800_33,2013-02-08T21:40:30.075Z,"Costa Rica",earthquake
1980-08-23T15:27:36.100Z,38.798,-122.78,4,3.2,ml,,,,,pde,pde19800823152736100_4,2013-02-08T21:40:30.074Z,"Northern California",earthquake
1980-08-23T15:24:29.400Z,-11.886,165.097,33,4.8,mb,,,,,pde,pde19800823152429400_33,2013-02-08T21:40:30.073Z,"Santa Cruz Islands",earthquake
1980-08-23T14:11:23.600Z,-32.404,-69.979,87,,,,,,,pde,pde19800823141123600_87,2013-02-08T21:40:30.072Z,"Mendoza, Argentina",earthquake
1980-08-23T13:25:19.400Z,30.289,94.845,45,4.7,mb,,,,,pde,pde19800823132519400_45,2013-02-08T21:40:30.070Z,"eastern Xizang",earthquake
1980-08-23T11:39:39.900Z,55.669,-162.162,33,,,,,,,pde,pde19800823113939900_33,2013-02-08T21:40:30.070Z,"Alaska Peninsula",earthquake
1980-08-23T11:16:33.900Z,86.371,33.855,10,4.8,mb,,,,,pde,pde19800823111633900_10,2013-02-08T21:40:30.069Z,"north of Svalbard",earthquake
1980-08-23T08:43:36.600Z,33.483,-116.583,12,3,ml,,,,,pde,pde19800823084336600_12,2013-02-08T21:40:30.068Z,"Southern California",earthquake
1980-08-23T06:50:42.300Z,33.267,-116.1,5,3.6,ml,,,,,pde,pde19800823065042300_5,2013-02-08T21:40:30.067Z,"Southern California",earthquake
1980-08-23T06:24:37.300Z,-19.642,34.832,33,,,,,,,pde,pde19800823062437300_33,2013-02-08T21:40:30.066Z,"Mozambique",earthquake
1980-08-23T04:28:13.600Z,6.824,-73.013,160,4.9,mb,,,,,pde,pde19800823042813600_160,2013-02-08T21:40:30.065Z,"northern Colombia",earthquake
1980-08-23T04:20:22.600Z,37.567,-118.883,6,3,ml,,,,,pde,pde19800823042022600_6,2013-02-08T21:40:30.064Z,"Central California",earthquake
1980-08-23T03:51:00.500Z,59.996,-149.583,33,3,ml,,,,,pde,pde19800823035100500_33,2013-02-08T21:40:30.063Z,"Kenai Peninsula, Alaska",earthquake
1980-08-23T03:49:02.500Z,37.995,-84.922,5,3.1,,,,,,pde,pde19800823034902500_5,2013-02-08T21:40:30.062Z,"eastern Kentucky",earthquake
1980-08-23T01:34:43.500Z,7.951,-77.739,33,5,mb,,,,,pde,pde19800823013443500_33,2013-02-08T21:40:30.061Z,"Panama-Colombia border region",earthquake
1980-08-23T01:03:48.700Z,-6.562,154.98,51,4.7,mb,,,,,pde,pde19800823010348700_51,2013-02-08T21:40:30.060Z,"Bougainville region, Papua New Guinea",earthquake
1980-08-23T00:45:54.800Z,55.03,-160.399,38,5.3,mb,,,,,pde,pde19800823004554800_38,2013-02-08T21:40:30.059Z,"Alaska Peninsula",earthquake
1980-08-23T00:35:58.500Z,14.92,-93.949,33,4.4,mb,,,,,pde,pde19800823003558500_33,2013-02-08T21:40:30.058Z,"offshore Chiapas, Mexico",earthquake
1980-08-22T22:19:57.000Z,-21.149,-68.86,184,,,,,,,pde,pde19800822221957000_184,2013-02-08T21:40:30.057Z,"Tarapaca, Chile",earthquake
1980-08-22T21:09:06.400Z,44.361,18.586,10,4.4,ml,,,,,pde,pde19800822210906400_10,2013-02-08T21:40:30.056Z,"Bosnia and Herzegovina",earthquake
1980-08-22T19:33:07.900Z,44.316,85.154,33,4.3,mb,,,,,pde,pde19800822193307900_33,2013-02-08T21:40:30.055Z,"northern Xinjiang, China",earthquake
1980-08-22T17:50:53.200Z,-5.851,149.145,151,4.9,mb,,,,,pde,pde19800822175053200_151,2013-02-08T21:40:30.054Z,"New Britain region, Papua New Guinea",earthquake
1980-08-22T16:53:03.700Z,15.419,119.819,73,4.9,mb,,,,,pde,pde19800822165303700_73,2013-02-08T21:40:30.053Z,"Luzon, Philippines",earthquake
1980-08-22T13:08:51.300Z,-4.998,103.056,50,5.1,mb,,,,,pde,pde19800822130851300_50,2013-02-08T21:40:30.052Z,"southern Sumatra, Indonesia",earthquake
1980-08-22T12:58:36.200Z,27.219,54.746,33,4.8,mb,,,,,pde,pde19800822125836200_33,2013-02-08T21:40:30.052Z,"southern Iran",earthquake
1980-08-22T09:17:16.700Z,12.72,-89.643,33,4.4,mb,,,,,pde,pde19800822091716700_33,2013-02-08T21:40:30.051Z,"offshore El Salvador",earthquake
1980-08-22T08:55:47.700Z,47.11,19.511,10,,,,,,,pde,pde19800822085547700_10,2013-02-08T21:40:30.050Z,"Hungary",earthquake
1980-08-22T08:53:46.800Z,-9.823,-79.824,33,4.6,mb,,,,,pde,pde19800822085346800_33,2013-02-08T21:40:30.049Z,"off the coast of northern Peru",earthquake
1980-08-22T07:17:56.500Z,-22.93,-175.382,75,5,mb,,,,,pde,pde19800822071756500_75,2013-02-08T21:40:30.048Z,"Tonga region",earthquake
1980-08-22T07:17:08.300Z,44.548,149.732,45,5,mb,,,,,pde,pde19800822071708300_45,2013-02-08T21:40:30.047Z,"Kuril Islands",earthquake
1980-08-22T06:51:36.000Z,44.086,84.932,17,5.1,mb,,,,,pde,pde19800822065136000_17,2013-02-08T21:40:30.046Z,"northern Xinjiang, China",earthquake
1980-08-22T03:30:34.900Z,-33.703,-70.248,117,,,,,,,pde,pde19800822033034900_117,2013-02-08T21:40:30.045Z,"Region Metropolitana, Chile",earthquake
1980-08-22T02:13:16.100Z,12.574,142.502,121,5,mb,,,,,pde,pde19800822021316100_121,2013-02-08T21:40:30.045Z,"Mariana Islands region",earthquake
1980-08-22T00:43:48.700Z,61.6,-152.35,128,4.3,mb,,,,,pde,pde19800822004348700_128,2013-02-08T21:40:30.044Z,"Southern Alaska",earthquake
1980-08-21T22:11:03.300Z,-2.026,68.058,10,5.5,ms,,,,,pde,pde19800821221103300_10,2013-02-08T21:40:30.043Z,"Carlsberg Ridge",earthquake
1980-08-21T21:55:36.400Z,-0.353,124.681,96,4.5,mb,,,,,pde,pde19800821215536400_96,2013-02-08T21:40:30.042Z,"Molucca Sea",earthquake
1980-08-21T19:59:46.900Z,37.248,-121.675,6,3.1,ml,,,,,pde,pde19800821195946900_6,2013-02-08T21:40:30.040Z,"Northern California",earthquake
1980-08-21T17:48:18.500Z,9.756,126.549,27,4.6,mb,,,,,pde,pde19800821174818500_27,2013-02-08T21:40:30.039Z,"Mindanao, Philippines",earthquake
1980-08-21T13:44:50.400Z,46.69,152.503,33,5,mb,,,,,pde,pde19800821134450400_33,2013-02-08T21:40:30.038Z,"Kuril Islands",earthquake
1980-08-21T12:07:21.000Z,-41.303,80.412,8.3,6.4,ms,181,,,,centennial,centennial19800821120721,2013-07-09T19:07:52.000Z,"Mid-Indian Ridge",earthquake
1980-08-21T11:52:37.200Z,43.05,147.942,33,4.4,mb,,,,,pde,pde19800821115237200_33,2013-02-08T21:40:30.036Z,"Kuril Islands",earthquake
1980-08-21T09:56:55.100Z,-17.144,-176.815,482,3.9,mb,,,,,pde,pde19800821095655100_482,2013-02-08T21:40:30.035Z,"Fiji region",earthquake
1980-08-21T08:17:09.100Z,11.792,142.041,35,4.9,mb,,,,,pde,pde19800821081709100_35,2013-02-08T21:40:30.034Z,"south of the Mariana Islands",earthquake
1980-08-21T07:49:39.100Z,-34.113,-69.531,29,4.9,mb,,,,,pde,pde19800821074939100_29,2013-02-08T21:40:30.032Z,"Mendoza, Argentina",earthquake
1980-08-21T06:58:42.400Z,44.785,10.618,10,,,,,,,pde,pde19800821065842400_10,2013-02-08T21:40:30.031Z,"northern Italy",earthquake
1980-08-21T06:14:47.700Z,63.656,-158.027,33,3.5,ml,,,,,pde,pde19800821061447700_33,2013-02-08T21:40:30.030Z,"Central Alaska",earthquake
1980-08-21T04:47:59.200Z,35.317,-118.667,5,3.3,ml,,,,,pde,pde19800821044759200_5,2013-02-08T21:40:30.030Z,"Central California",earthquake
1980-08-21T04:36:42.600Z,4.344,124.512,33,4.4,mb,,,,,pde,pde19800821043642600_33,2013-02-08T21:40:30.029Z,"Celebes Sea",earthquake
1980-08-21T01:47:29.000Z,40.672,22.365,10,4,mb,,,,,pde,pde19800821014729000_10,2013-02-08T21:40:30.028Z,"Greece",earthquake
1980-08-20T20:32:08.200Z,-2.095,-80.187,44,4.6,mb,,,,,pde,pde19800820203208200_44,2013-02-08T21:40:30.027Z,"near the coast of Ecuador",earthquake
1980-08-20T19:38:45.800Z,26.875,126.428,33,5.1,mb,,,,,pde,pde19800820193845800_33,2013-02-08T21:40:30.026Z,"Ryukyu Islands, Japan",earthquake
1980-08-20T16:06:26.000Z,19.601,-156.149,25,4,ml,,,,,pde,pde19800820160626000_25,2013-02-08T21:40:30.026Z,"Hawaii region, Hawaii",earthquake
1980-08-20T15:10:15.000Z,62.734,-24.652,10,,,,,,,pde,pde19800820151015000_10,2013-02-08T21:40:30.025Z,"Iceland region",earthquake
1980-08-20T15:05:58.100Z,62.96,-25.051,10,4.6,ms,,,,,pde,pde19800820150558100_10,2013-02-08T21:40:30.024Z,"Iceland region",earthquake
1980-08-20T14:25:34.700Z,62.714,-25.361,10,4.8,mb,,,,,pde,pde19800820142534700_10,2013-02-08T21:40:30.023Z,"Iceland region",earthquake
1980-08-20T10:14:48.400Z,60.662,-151.624,87,3.7,mb,,,,,pde,pde19800820101448400_87,2013-02-08T21:40:30.022Z,"Kenai Peninsula, Alaska",earthquake
1980-08-20T09:34:52.300Z,41.941,-83.01,5,3.2,,,,,,pde,pde19800820093452300_5,2013-02-08T21:40:30.021Z,"Ohio",earthquake
1980-08-20T06:34:39.100Z,75.262,-2.829,10,4.5,mb,,,,,pde,pde19800820063439100_10,2013-02-08T21:40:30.020Z,"Greenland Sea",earthquake
1980-08-20T06:34:16.300Z,44.124,84.907,33,4.7,mb,,,,,pde,pde19800820063416300_33,2013-02-08T21:40:30.020Z,"northern Xinjiang, China",earthquake
1980-08-20T06:21:48.200Z,10.743,92.806,33,5,mb,,,,,pde,pde19800820062148200_33,2013-02-08T21:40:30.019Z,"Andaman Islands, India region",earthquake
1980-08-20T05:29:01.100Z,37.558,-118.925,5,3.6,ml,,,,,pde,pde19800820052901100_5,2013-02-08T21:40:30.018Z,"Central California",earthquake
1980-08-20T04:55:12.300Z,40.585,23.234,10,4,ml,,,,,pde,pde19800820045512300_10,2013-02-08T21:40:30.017Z,"Greece",earthquake
1980-08-20T04:44:47.100Z,-15.994,-172.619,33,4.8,mb,,,,,pde,pde19800820044447100_33,2013-02-08T21:40:30.015Z,"Samoa Islands region",earthquake
1980-08-20T03:20:29.600Z,-2.984,128.384,33,3.7,mb,,,,,pde,pde19800820032029600_33,2013-02-08T21:40:30.014Z,"Ceram Sea, Indonesia",earthquake
1980-08-20T01:05:51.300Z,29.517,81.189,33,4.3,mb,,,,,pde,pde19800820010551300_33,2013-02-08T21:40:30.013Z,"Nepal",earthquake
1980-08-19T23:40:32.600Z,8.454,126.594,46,5.4,mb,,,,,pde,pde19800819234032600_46,2013-02-08T21:40:30.012Z,"Mindanao, Philippines",earthquake
1980-08-19T21:23:02.100Z,1.739,97.815,33,4.6,mb,,,,,pde,pde19800819212302100_33,2013-02-08T21:40:30.011Z,"Nias region, Indonesia",earthquake
1980-08-19T21:01:34.000Z,-3.546,140.053,59.5,6.1,ms,214,,,,centennial,centennial19800819210134,2014-03-17T23:04:34.020Z,"Papua, Indonesia",earthquake
1980-08-19T19:02:40.100Z,-1.463,135.981,33,4.4,mb,,,,,pde,pde19800819190240100_33,2013-02-08T21:40:30.008Z,"Biak region, Indonesia",earthquake
1980-08-19T16:14:49.300Z,-55.795,147.319,10,5.3,mb,,,,,pde,pde19800819161449300_10,2013-02-08T21:40:30.007Z,"west of Macquarie Island",earthquake
1980-08-19T15:30:12.400Z,30.342,94.97,33,4.8,mb,,,,,pde,pde19800819153012400_33,2013-02-08T21:40:30.005Z,"eastern Xizang",earthquake
1980-08-19T06:45:27.200Z,37.625,-118.867,5,4.1,ml,,,,,pde,pde19800819064527200_5,2013-02-08T21:40:30.004Z,"Long Valley area, California",earthquake
1980-08-19T05:56:17.300Z,-8.223,120.441,176,4.4,mb,,,,,pde,pde19800819055617300_176,2013-02-08T21:40:30.003Z,"Flores region, Indonesia",earthquake
1980-08-19T00:42:48.000Z,-5.526,145.602,86,3.2,mb,,,,,pde,pde19800819004248000_86,2013-02-08T21:40:30.002Z,"eastern New Guinea region, Papua New Guinea",earthquake
1980-08-18T23:36:10.300Z,-2.891,86.721,10,4.8,mb,,,,,pde,pde19800818233610300_10,2013-02-08T21:40:30.000Z,"South Indian Ocean",earthquake
1980-08-18T22:50:23.700Z,63.046,-150.515,39,4.5,mb,,,,,pde,pde19800818225023700_39,2013-02-08T21:40:29.999Z,"Central Alaska",earthquake
1980-08-18T19:57:27.300Z,1.172,128.164,42,4.8,mb,,,,,pde,pde19800818195727300_42,2013-02-08T21:40:29.998Z,"Halmahera, Indonesia",earthquake
1980-08-18T18:01:30.200Z,36.495,70.903,186,5,mb,,,,,pde,pde19800818180130200_186,2013-02-08T21:40:29.996Z,"Hindu Kush region, Afghanistan",earthquake
1980-08-18T17:41:19.400Z,-7.894,149.643,102,4,mb,,,,,pde,pde19800818174119400_102,2013-02-08T21:40:29.995Z,"New Britain region, Papua New Guinea",earthquake
1980-08-18T17:38:11.400Z,-29.995,-178.128,33,5.3,mb,,,,,pde,pde19800818173811400_33,2013-02-08T21:40:29.994Z,"Kermadec Islands, New Zealand",earthquake
1980-08-18T15:07:54.000Z,-1.987,-79.996,55.7,5.8,ms,198,,,,centennial,centennial19800818150754,2014-03-17T23:04:17.625Z,"Ecuador",earthquake
1980-08-18T11:22:13.400Z,-20.071,179.64,463,5,mb,,,,,pde,pde19800818112213400_463,2013-02-08T21:40:29.991Z,"south of the Fiji Islands",earthquake
1980-08-18T08:08:00.400Z,-18.087,-178.407,593,4.9,mb,,,,,pde,pde19800818080800400_593,2013-02-08T21:40:29.989Z,"Fiji region",earthquake
1980-08-18T06:30:44.600Z,-60.917,-38.094,10,4.7,mb,,,,,pde,pde19800818063044600_10,2013-02-08T21:40:29.988Z,"Scotia Sea",earthquake
1980-08-18T03:43:51.600Z,35.563,-10.439,10,4.7,mb,,,,,pde,pde19800818034351600_10,2013-02-08T21:40:29.987Z,"Azores-Cape St. Vincent Ridge",earthquake
1980-08-18T03:25:24.000Z,0.337,122.156,157,4.8,mb,,,,,pde,pde19800818032524000_157,2013-02-08T21:40:29.986Z,"Minahasa, Sulawesi, Indonesia",earthquake
1980-08-18T00:08:38.500Z,-20.161,168.565,33,4.4,mb,,,,,pde,pde19800818000838500_33,2013-02-08T21:40:29.985Z,"Loyalty Islands, New Caledonia",earthquake
1980-08-17T22:57:33.900Z,39.252,22.46,10,3.8,mb,,,,,pde,pde19800817225733900_10,2013-02-08T21:40:29.984Z,"Greece",earthquake
1980-08-17T22:55:34.800Z,-36.011,-104.303,10,4.5,mb,,,,,pde,pde19800817225534800_10,2013-02-08T21:40:29.983Z,"southeast of Easter Island",earthquake
1980-08-17T21:25:32.500Z,-0.04,123.96,208,4.7,mb,,,,,pde,pde19800817212532500_208,2013-02-08T21:40:29.982Z,"Sulawesi, Indonesia",earthquake
1980-08-17T20:36:47.400Z,-19.193,168.971,130,5,mb,,,,,pde,pde19800817203647400_130,2013-02-08T21:40:29.981Z,"Vanuatu",earthquake
1980-08-17T17:36:53.300Z,-6.637,147.337,93,,,,,,,pde,pde19800817173653300_93,2013-02-08T21:40:29.980Z,"eastern New Guinea region, Papua New Guinea",earthquake
1980-08-17T16:08:49.600Z,39.126,76.034,33,4.6,mb,,,,,pde,pde19800817160849600_33,2013-02-08T21:40:29.979Z,"southern Xinjiang, China",earthquake
1980-08-17T10:09:04.000Z,-15.204,-173.234,61,4.9,mb,,,,,pde,pde19800817100904000_61,2013-02-08T21:40:29.978Z,"Tonga",earthquake
1980-08-17T09:01:55.700Z,-3.771,128.244,24,5.4,mb,,,,,pde,pde19800817090155700_24,2014-03-17T17:27:28.030Z,"Seram, Indonesia",earthquake
1980-08-17T07:24:01.100Z,-17.932,-178.55,599,4.6,mb,,,,,pde,pde19800817072401100_599,2013-02-08T21:40:29.976Z,"Fiji region",earthquake
1980-08-17T03:13:50.900Z,39.484,73.759,33,4.6,mb,,,,,pde,pde19800817031350900_33,2013-02-08T21:40:29.975Z,"Kyrgyzstan",earthquake
1980-08-17T02:24:53.500Z,45.642,15.983,10,3.9,ml,,,,,pde,pde19800817022453500_10,2013-02-08T21:40:29.973Z,"Croatia",earthquake
1980-08-17T00:31:19.900Z,-8.838,106.113,33,4.6,mb,,,,,pde,pde19800817003119900_33,2013-02-08T21:40:29.972Z,"south of Java, Indonesia",earthquake
1980-08-16T21:46:34.000Z,37.495,-118.882,16,3.5,ml,,,,,pde,pde19800816214634000_16,2013-02-08T21:40:29.971Z,"Central California",earthquake
1980-08-16T21:33:01.500Z,53.655,-163.581,33,4.8,mb,,,,,pde,pde19800816213301500_33,2013-02-08T21:40:29.970Z,"Unimak Island region, Alaska",earthquake
1980-08-16T19:22:33.500Z,-13.046,-74.393,33,5.1,mb,,,,,pde,pde19800816192233500_33,2013-02-08T21:40:29.968Z,"central Peru",earthquake
1980-08-16T18:41:48.800Z,29.916,138.04,498,4.7,mb,,,,,pde,pde19800816184148800_498,2013-02-08T21:40:29.967Z,"Izu Islands, Japan region",earthquake
1980-08-16T17:02:41.100Z,-22.106,-179.704,590,4.5,mb,,,,,pde,pde19800816170241100_590,2013-02-08T21:40:29.966Z,"south of the Fiji Islands",earthquake
1980-08-16T14:06:05.000Z,51.803,-179.574,85,4.7,mb,,,,,pde,pde19800816140605000_85,2013-02-08T21:40:29.965Z,"Andreanof Islands, Aleutian Islands, Alaska",earthquake
1980-08-16T13:30:59.900Z,-1.347,120.366,33,5.5,ms,,,,,pde,pde19800816133059900_33,2014-03-17T17:27:27.028Z,"Sulawesi, Indonesia",earthquake
1980-08-16T12:56:31.900Z,38.494,21.634,10,3.4,ml,,,,,pde,pde19800816125631900_10,2013-02-08T21:40:29.963Z,"Greece",earthquake
1980-08-16T07:42:23.100Z,-3.599,135.474,58,4.8,mb,,,,,pde,pde19800816074223100_58,2013-02-08T21:40:29.962Z,"Papua, Indonesia",earthquake
1980-08-16T05:02:42.400Z,-55.274,-28.799,33,4.8,mb,,,,,pde,pde19800816050242400_33,2013-02-08T21:40:29.961Z,"South Sandwich Islands region",earthquake
1980-08-16T02:46:51.900Z,39.25,23.171,10,3.6,mb,,,,,pde,pde19800816024651900_10,2013-02-08T21:40:29.960Z,"Aegean Sea",earthquake
1980-08-15T22:34:03.900Z,44.413,-129.517,15,4.7,mb,,,,,pde,pde19800815223403900_15,2013-02-08T21:40:29.959Z,"off the coast of Oregon",earthquake
1980-08-15T21:30:45.700Z,6.812,-73.021,161,5.1,mb,,,,,pde,pde19800815213045700_161,2014-03-17T17:27:26.058Z,"northern Colombia",earthquake
1980-08-15T20:48:10.200Z,26.441,60.958,33,4.8,mb,,,,,pde,pde19800815204810200_33,2013-02-08T21:40:29.957Z,"southeastern Iran",earthquake
1980-08-15T20:03:04.000Z,51.153,15.892,10,3.6,ml,,,,,pde,pde19800815200304000_10,2013-02-08T21:40:29.956Z,"Poland",earthquake
1980-08-15T17:33:03.300Z,25.39,67.979,33,4.4,mb,,,,,pde,pde19800815173303300_33,2013-02-08T21:40:29.955Z,"Pakistan",earthquake
1980-08-15T15:20:02.200Z,36.21,142.298,33,4.5,mb,,,,,pde,pde19800815152002200_33,2013-02-08T21:40:29.954Z,"off the east coast of Honshu, Japan",earthquake
1980-08-15T13:50:21.600Z,37.55,-118.8,5,3.5,ml,,,,,pde,pde19800815135021600_5,2013-02-08T21:40:29.953Z,"Central California",earthquake
1980-08-15T09:48:42.200Z,-6.948,125.371,529,4.8,mb,,,,,pde,pde19800815094842200_529,2013-02-08T21:40:29.952Z,"Banda Sea",earthquake
1980-08-15T06:25:23.200Z,41.655,-111.665,7,2.9,ml,,,,,pde,pde19800815062523200_7,2013-02-08T21:40:29.951Z,"Utah",earthquake
1980-08-15T05:07:09.800Z,35.95,-120.033,5,3,ml,,,,,pde,pde19800815050709800_5,2013-02-08T21:40:29.950Z,"Central California",earthquake
1980-08-15T04:25:33.100Z,39.579,-120.258,5,3.3,ml,,,,,pde,pde19800815042533100_5,2013-02-08T21:40:29.949Z,"Northern California",earthquake
1980-08-15T04:23:39.800Z,35.85,-119.9,4,3.1,ml,,,,,pde,pde19800815042339800_4,2013-02-08T21:40:29.947Z,"Central California",earthquake
1980-08-15T02:44:48.900Z,10.216,43.076,10,,,,,,,pde,pde19800815024448900_10,2013-02-08T21:40:29.946Z,"northwestern Somalia",earthquake
1980-08-15T02:41:53.000Z,10.066,43.118,10,4.4,mb,,,,,pde,pde19800815024153000_10,2013-02-08T21:40:29.945Z,"northwestern Somalia",earthquake
1980-08-15T02:04:30.800Z,35.208,27.441,10,4,ml,,,,,pde,pde19800815020430800_10,2013-02-08T21:40:29.943Z,"Dodecanese Islands, Greece",earthquake
1980-08-14T23:28:29.500Z,5.599,124.852,71,4,mb,,,,,pde,pde19800814232829500_71,2013-02-08T21:40:29.943Z,"Mindanao, Philippines",earthquake
1980-08-14T21:45:02.700Z,32.863,88.444,33,4.9,ms,,,,,pde,pde19800814214502700_33,2013-02-08T21:40:29.942Z,"western Xizang",earthquake
1980-08-14T21:07:33.500Z,34.707,139.601,103,5,mb,,,,,pde,pde19800814210733500_103,2013-02-08T21:40:29.941Z,"near the south coast of Honshu, Japan",earthquake
1980-08-14T19:17:49.400Z,-16.81,176.676,33,4.8,mb,,,,,pde,pde19800814191749400_33,2013-02-08T21:40:29.940Z,"Fiji region",earthquake
1980-08-14T17:46:04.200Z,3.083,-84.308,10,4.8,mb,,,,,pde,pde19800814174604200_10,2013-02-08T21:40:29.939Z,"off the coast of Central America",earthquake
1980-08-14T17:02:40.800Z,-5.64,147.659,265,4.2,mb,,,,,pde,pde19800814170240800_265,2013-02-08T21:40:29.938Z,"eastern New Guinea region, Papua New Guinea",earthquake
1980-08-14T14:21:48.600Z,37.62,-118.917,5,3.8,ml,,,,,pde,pde19800814142148600_5,2013-02-08T21:40:29.937Z,"Long Valley area, California",earthquake
1980-08-14T10:35:31.500Z,-17.653,-178.564,540,4.3,mb,,,,,pde,pde19800814103531500_540,2013-02-08T21:40:29.936Z,"Fiji region",earthquake
1980-08-14T09:51:21.900Z,10.223,56.733,10,4.7,mb,,,,,pde,pde19800814095121900_10,2013-02-08T21:40:29.935Z,"Carlsberg Ridge",earthquake
1980-08-14T07:27:16.700Z,19.352,-155.42,11,4.1,ml,,,,,pde,pde19800814072716700_11,2013-02-08T21:40:29.934Z,"Hawaii region, Hawaii",earthquake
1980-08-14T05:05:54.000Z,-55.878,-121.572,6,5.7,ms,44,,,,centennial,centennial19800814050554,2013-07-09T19:07:52.000Z,"southern East Pacific Rise",earthquake
1980-08-14T03:29:16.800Z,-24.718,-176.879,55,5.1,mb,,,,,pde,pde19800814032916800_55,2013-02-08T21:40:29.931Z,"south of the Fiji Islands",earthquake
1980-08-14T03:08:31.700Z,9.113,121.501,33,,,,,,,pde,pde19800814030831700_33,2013-02-08T21:40:29.930Z,"Sulu Sea",earthquake
1980-08-14T02:52:20.700Z,37.379,20.999,75,4.2,mb,,,,,pde,pde19800814025220700_75,2013-02-08T21:40:29.929Z,"Ionian Sea",earthquake
1980-08-14T01:56:01.700Z,34.015,26.086,33,4.1,mb,,,,,pde,pde19800814015601700_33,2013-02-08T21:40:29.928Z,"Crete, Greece",earthquake
1980-08-14T00:09:35.900Z,35.656,141.19,35,4.8,mb,,,,,pde,pde19800814000935900_35,2013-02-08T21:40:29.927Z,"near the east coast of Honshu, Japan",earthquake
1980-08-13T20:46:22.000Z,8.8,-39.87,10,5.2,ms,,,,,pde,pde19800813204622000_10,2013-02-08T21:40:29.926Z,"central Mid-Atlantic Ridge",earthquake
1980-08-13T17:32:48.400Z,-5.618,149.223,169,5.3,mb,,,,,pde,pde19800813173248400_169,2013-02-08T21:40:29.925Z,"New Britain region, Papua New Guinea",earthquake
1980-08-13T14:39:39.500Z,-31.591,-69.552,131,,,,,,,pde,pde19800813143939500_131,2013-02-08T21:40:29.924Z,"San Juan, Argentina",earthquake
1980-08-13T13:54:34.400Z,43.57,20.388,10,,,,,,,pde,pde19800813135434400_10,2013-02-08T21:40:29.923Z,"Serbia",earthquake
1980-08-13T11:35:02.000Z,50.191,154.92,119,4.8,mb,,,,,pde,pde19800813113502000_119,2013-02-08T21:40:29.922Z,"Kuril Islands",earthquake
1980-08-13T10:37:48.900Z,-12.058,166.047,33,5.2,mb,,,,,pde,pde19800813103748900_33,2013-02-08T21:40:29.920Z,"Santa Cruz Islands",earthquake
1980-08-13T09:00:35.800Z,0.228,122.006,227,5.1,mb,,,,,pde,pde19800813090035800_227,2013-02-08T21:40:29.919Z,"Minahasa, Sulawesi, Indonesia",earthquake
1980-08-13T07:20:12.000Z,39.181,22.899,10,3.4,ml,,,,,pde,pde19800813072012000_10,2013-02-08T21:40:29.918Z,"Greece",earthquake
1980-08-13T06:05:27.700Z,39.287,23.032,10,3.3,ml,,,,,pde,pde19800813060527700_10,2013-02-08T21:40:29.916Z,"Aegean Sea",earthquake
1980-08-13T04:20:46.700Z,-21.585,-179.228,655,4.8,mb,,,,,pde,pde19800813042046700_655,2013-02-08T21:40:29.915Z,"Fiji region",earthquake
1980-08-13T03:52:55.800Z,59.253,-151.778,53,4,mb,,,,,pde,pde19800813035255800_53,2013-02-08T21:40:29.914Z,"Kenai Peninsula, Alaska",earthquake
1980-08-13T03:40:34.800Z,7.382,123.743,62,4.2,mb,,,,,pde,pde19800813034034800_62,2013-02-08T21:40:29.913Z,"Mindanao, Philippines",earthquake
1980-08-13T02:17:53.300Z,53.666,-163.235,33,4.8,ms,,,,,pde,pde19800813021753300_33,2013-02-08T21:40:29.911Z,"Unimak Island region, Alaska",earthquake
1980-08-13T00:35:34.900Z,-2.801,141.747,47,5.2,mb,,,,,pde,pde19800813003534900_47,2013-02-08T21:40:29.910Z,"near the north coast of New Guinea, Papua New Guinea",earthquake
1980-08-13T00:17:48.900Z,-7.874,112.051,33,5,mb,,,,,pde,pde19800813001748900_33,2013-02-08T21:40:29.909Z,"Java, Indonesia",earthquake
1980-08-12T22:38:44.900Z,58.254,-148.434,33,3.3,ml,,,,,pde,pde19800812223844900_33,2013-02-08T21:40:29.908Z,"Gulf of Alaska",earthquake
1980-08-12T20:45:16.300Z,-8.247,120.403,201,4.7,mb,,,,,pde,pde19800812204516300_201,2013-02-08T21:40:29.906Z,"Flores region, Indonesia",earthquake
1980-08-12T16:48:16.500Z,-24.251,-67.076,193,4.2,mb,,,,,pde,pde19800812164816500_193,2013-02-08T21:40:29.905Z,"Salta, Argentina",earthquake
1980-08-12T16:45:36.100Z,-17.921,-14.433,10,4.6,mb,,,,,pde,pde19800812164536100_10,2013-02-08T21:40:29.903Z,"southern Mid-Atlantic Ridge",earthquake
1980-08-12T16:44:01.500Z,24.784,94.587,50,5.1,mb,,,,,pde,pde19800812164401500_50,2013-02-08T21:40:29.902Z,"Myanmar-India border region",earthquake
1980-08-12T14:44:28.500Z,59.98,-152.845,110,5,mb,,,,,pde,pde19800812144428500_110,2013-02-08T21:40:29.901Z,"Southern Alaska",earthquake
1980-08-12T14:19:44.800Z,3.191,128.47,134,5.1,mb,,,,,pde,pde19800812141944800_134,2013-02-08T21:40:29.900Z,"north of Halmahera, Indonesia",earthquake
1980-08-12T13:11:19.200Z,39.235,22.736,10,4.1,mb,,,,,pde,pde19800812131119200_10,2013-02-08T21:40:29.898Z,"Greece",earthquake
1980-08-12T12:11:44.400Z,64.724,-17.249,10,5.3,ms,,,,,pde,pde19800812121144400_10,2013-02-08T21:40:29.897Z,"Iceland",earthquake
1980-08-12T10:18:24.200Z,5.043,122.74,631,5.1,mb,,,,,pde,pde19800812101824200_631,2013-02-08T21:40:29.896Z,"Celebes Sea",earthquake
1980-08-12T08:36:20.500Z,-28.28,-67.425,138,4.4,mb,,,,,pde,pde19800812083620500_138,2013-02-08T21:40:29.895Z,"Catamarca, Argentina",earthquake
1980-08-12T06:57:47.100Z,36.396,69.943,265,4.3,mb,,,,,pde,pde19800812065747100_265,2013-02-08T21:40:29.894Z,"Hindu Kush region, Afghanistan",earthquake
1980-08-12T06:42:33.100Z,19.333,-155.109,10,4.3,ml,,,,,pde,pde19800812064233100_10,2013-02-08T21:40:29.893Z,"Hawaii region, Hawaii",earthquake
1980-08-12T06:07:44.900Z,-11.388,118.482,33,,,,,,,pde,pde19800812060744900_33,2013-02-08T21:40:29.891Z,"south of Sumbawa, Indonesia",earthquake
1980-08-12T05:56:24.100Z,39.267,22.745,10,3.3,ml,,,,,pde,pde19800812055624100_10,2013-02-08T21:40:29.890Z,"Greece",earthquake
1980-08-12T03:15:30.000Z,39.243,22.567,10,4.2,mb,,,,,pde,pde19800812031530000_10,2013-02-08T21:40:29.889Z,"Greece",earthquake
1980-08-12T02:20:14.400Z,13.06,-90.083,39,4.6,mb,,,,,pde,pde19800812022014400_39,2013-02-08T21:40:29.888Z,"offshore El Salvador",earthquake
1980-08-12T01:41:01.800Z,39.261,22.643,10,4.6,mb,,,,,pde,pde19800812014101800_10,2013-02-08T21:40:29.887Z,"Greece",earthquake
1980-08-11T20:25:45.000Z,59.588,-152.811,125,,,,,,,pde,pde19800811202545000_125,2013-02-08T21:40:29.887Z,"Southern Alaska",earthquake
1980-08-11T19:41:05.800Z,-15.542,-75.181,33,5.1,ms,,,,,pde,pde19800811194105800_33,2013-02-08T21:40:29.886Z,"near the coast of central Peru",earthquake
1980-08-11T17:17:39.800Z,26.364,60.892,33,4.6,mb,,,,,pde,pde19800811171739800_33,2013-02-08T21:40:29.885Z,"southeastern Iran",earthquake
1980-08-11T13:58:38.400Z,37.57,-118.903,5,3.4,ml,,,,,pde,pde19800811135838400_5,2013-02-08T21:40:29.884Z,"Central California",earthquake
1980-08-11T12:31:21.700Z,-3.208,139.95,33,4.7,mb,,,,,pde,pde19800811123121700_33,2013-02-08T21:40:29.883Z,"Papua, Indonesia",earthquake
1980-08-11T10:02:38.400Z,39.222,22.524,10,3.5,ml,,,,,pde,pde19800811100238400_10,2013-02-08T21:40:29.882Z,"Greece",earthquake
1980-08-11T09:15:58.300Z,39.274,22.659,17,5.1,mb,,,,,pde,pde19800811091558300_17,2013-02-08T21:40:29.881Z,"Greece",earthquake
1980-08-11T09:10:22.100Z,37.65,-118.933,5,3,ml,,,,,pde,pde19800811091022100_5,2013-02-08T21:40:29.880Z,"Long Valley area, California",earthquake
1980-08-11T07:33:20.900Z,35.676,77.578,77,5,mb,,,,,pde,pde19800811073320900_77,2013-02-08T21:40:29.880Z,"Kashmir-Xinjiang border region",earthquake
1980-08-11T05:55:15.100Z,37.583,-118.883,5,3.4,ml,,,,,pde,pde19800811055515100_5,2013-02-08T21:40:29.879Z,"Central California",earthquake
1980-08-11T04:23:57.000Z,-11.28,165.367,33,4.9,ms,,,,,pde,pde19800811042357000_33,2013-02-08T21:40:29.878Z,"Santa Cruz Islands",earthquake
1980-08-11T02:04:50.900Z,19.62,145.639,116,4.5,mb,,,,,pde,pde19800811020450900_116,2013-02-08T21:40:29.877Z,"Maug Islands region, Northern Mariana Islands",earthquake
1980-08-11T00:35:15.200Z,35.86,-119.927,5,3.3,ml,,,,,pde,pde19800811003515200_5,2013-02-08T21:40:29.877Z,"Central California",earthquake
1980-08-10T22:50:12.600Z,-9.501,115.205,33,,,,,,,pde,pde19800810225012600_33,2013-02-08T21:40:29.876Z,"south of Bali, Indonesia",earthquake
1980-08-10T16:18:54.400Z,59.489,-144.595,33,3,ml,,,,,pde,pde19800810161854400_33,2013-02-08T21:40:29.875Z,"Gulf of Alaska",earthquake
1980-08-10T10:35:16.800Z,18.249,145.367,264,4.8,mb,,,,,pde,pde19800810103516800_264,2013-02-08T21:40:29.874Z,"Pagan region, Northern Mariana Islands",earthquake
1980-08-10T10:01:10.900Z,-30.121,-178.187,33,5.1,mb,,,,,pde,pde19800810100110900_33,2013-02-08T21:40:29.873Z,"Kermadec Islands, New Zealand",earthquake
1980-08-10T09:10:51.300Z,53.623,-163.289,33,4.9,mb,,,,,pde,pde19800810091051300_33,2013-02-08T21:40:29.872Z,"Unimak Island region, Alaska",earthquake
1980-08-10T07:51:52.700Z,54.321,-161.636,33,4.9,mb,,,,,pde,pde19800810075152700_33,2013-02-08T21:40:29.870Z,"Alaska Peninsula",earthquake
1980-08-10T06:48:53.800Z,37.6,-118.85,5,3,ml,,,,,pde,pde19800810064853800_5,2013-02-08T21:40:29.869Z,"Long Valley area, California",earthquake
1980-08-10T04:52:24.400Z,-11.162,165.44,33,5,mb,,,,,pde,pde19800810045224400_33,2013-02-08T21:40:29.868Z,"Santa Cruz Islands",earthquake
1980-08-10T04:43:04.400Z,37.567,-118.867,5,3.5,ml,,,,,pde,pde19800810044304400_5,2013-02-08T21:40:29.867Z,"Central California",earthquake
1980-08-10T03:09:31.100Z,29.034,130.001,33,5,ms,,,,,pde,pde19800810030931100_33,2013-02-08T21:40:29.866Z,"Ryukyu Islands, Japan",earthquake
1980-08-10T02:29:48.700Z,-10.991,165.306,33,5.1,ms,,,,,pde,pde19800810022948700_33,2013-02-08T21:40:29.865Z,"Santa Cruz Islands",earthquake
1980-08-10T01:38:27.800Z,3.76,128.554,43,5.2,mb,,,,,pde,pde19800810013827800_43,2013-02-08T21:40:29.863Z,"north of Halmahera, Indonesia",earthquake
1980-08-09T23:26:03.800Z,37.557,-118.888,6,3.8,ml,,,,,pde,pde19800809232603800_6,2013-02-08T21:40:29.862Z,"Central California",earthquake
1980-08-09T23:24:39.600Z,58.096,-153.637,66,4.2,mb,,,,,pde,pde19800809232439600_66,2013-02-08T21:40:29.861Z,"Kodiak Island region, Alaska",earthquake
1980-08-09T19:46:07.400Z,2.971,-79.499,13,4.8,mb,,,,,pde,pde19800809194607400_13,2013-02-08T21:40:29.861Z,"south of Panama",earthquake
1980-08-09T17:02:05.200Z,30.269,94.972,33,4.4,mb,,,,,pde,pde19800809170205200_33,2013-02-08T21:40:29.860Z,"eastern Xizang",earthquake
1980-08-09T16:28:17.500Z,39.223,23.24,10,3.9,mb,,,,,pde,pde19800809162817500_10,2013-02-08T21:40:29.859Z,"Aegean Sea",earthquake
1980-08-09T15:54:58.800Z,10.31,126.1,52,4.9,mb,,,,,pde,pde19800809155458800_52,2013-02-08T21:40:29.858Z,"Philippine Islands region",earthquake
1980-08-09T15:51:45.800Z,10.339,126.191,50,4.8,mb,,,,,pde,pde19800809155145800_50,2013-02-08T21:40:29.839Z,"Philippine Islands region",earthquake
1980-08-09T13:51:45.900Z,10.34,126.193,60,4.9,mb,,,,,pde,pde19800809135145900_60,2013-02-08T21:40:29.838Z,"Philippine Islands region",earthquake
1980-08-09T05:45:10.000Z,15.913,-88.489,16.3,6.5,ms,257,,,,centennial,centennial19800809054510,2014-03-17T23:04:00.949Z,"offshore Guatemala",earthquake
1980-08-09T05:31:53.300Z,43.796,-127.781,15,4.6,mb,,,,,pde,pde19800809053153300_15,2013-02-08T21:40:29.836Z,"off the coast of Oregon",earthquake
1980-08-08T22:14:01.400Z,37.61,-118.828,9,3.4,ml,,,,,pde,pde19800808221401400_9,2013-02-08T21:40:29.835Z,"Long Valley area, California",earthquake
1980-08-08T22:07:51.900Z,43.935,141.925,204,4.6,mb,,,,,pde,pde19800808220751900_204,2013-02-08T21:40:29.834Z,"Hokkaido, Japan region",earthquake
1980-08-08T19:31:18.700Z,-2.475,140.539,33,,,,,,,pde,pde19800808193118700_33,2013-02-08T21:40:29.832Z,"near the north coast of Papua, Indonesia",earthquake
1980-08-08T14:56:29.800Z,37.617,-118.817,6,3.4,ml,,,,,pde,pde19800808145629800_6,2013-02-08T21:40:29.831Z,"Long Valley area, California",earthquake
1980-08-08T14:35:17.600Z,44.796,149.246,60,4.9,mb,,,,,pde,pde19800808143517600_60,2013-02-08T21:40:29.830Z,"Kuril Islands",earthquake
1980-08-08T13:41:49.900Z,-10.616,119.918,33,4.5,mb,,,,,pde,pde19800808134149900_33,2013-02-08T21:40:29.829Z,"Sumba region, Indonesia",earthquake
1980-08-08T09:20:10.700Z,40.2,-124.9,11,3.4,ml,,,,,pde,pde19800808092010700_11,2013-02-08T21:40:29.828Z,"offshore Northern California",earthquake
1980-08-08T08:35:25.700Z,37.562,-118.913,5,3.1,ml,,,,,pde,pde19800808083525700_5,2013-02-08T21:40:29.827Z,"Central California",earthquake
1980-08-08T08:25:02.100Z,37.6,-118.9,5,3.5,ml,,,,,pde,pde19800808082502100_5,2013-02-08T21:40:29.826Z,"Long Valley area, California",earthquake
1980-08-08T08:20:26.200Z,37.583,-118.933,5,3,ml,,,,,pde,pde19800808082026200_5,2013-02-08T21:40:29.825Z,"Central California",earthquake
1980-08-08T08:16:58.800Z,37.6,-118.95,5,3.6,ml,,,,,pde,pde19800808081658800_5,2013-02-08T21:40:29.823Z,"Long Valley area, California",earthquake
1980-08-08T07:21:53.200Z,-10.251,119.811,33,5.4,mb,,,,,pde,pde19800808072153200_33,2013-02-08T21:40:29.822Z,"Sumba region, Indonesia",earthquake
1980-08-08T04:10:04.600Z,34.012,25.889,33,4.1,mb,,,,,pde,pde19800808041004600_33,2013-02-08T21:40:29.820Z,"Crete, Greece",earthquake
1980-08-08T03:30:10.200Z,44.591,140.942,278,4.6,mb,,,,,pde,pde19800808033010200_278,2013-02-08T21:40:29.819Z,"eastern Sea of Japan",earthquake
1980-08-08T03:15:39.500Z,-24.299,-67.165,198,4,mb,,,,,pde,pde19800808031539500_198,2013-02-08T21:40:29.818Z,"Salta, Argentina",earthquake
1980-08-08T02:14:39.000Z,37.558,-118.93,5,3.7,ml,,,,,pde,pde19800808021439000_5,2013-02-08T21:40:29.817Z,"Central California",earthquake
1980-08-08T01:01:10.100Z,30.833,-116.1,4,3.4,ml,,,,,pde,pde19800808010110100_4,2013-02-08T21:40:29.816Z,"Baja California, Mexico",earthquake
1980-08-07T23:57:03.700Z,37.65,-118.917,1,3.1,ml,,,,,pde,pde19800807235703700_1,2013-02-08T21:40:29.815Z,"Long Valley area, California",earthquake
1980-08-07T23:45:18.900Z,39.37,22.993,10,3.2,ml,,,,,pde,pde19800807234518900_10,2013-02-08T21:40:29.814Z,"Greece",earthquake
1980-08-07T20:45:45.600Z,30.277,94.821,33,4.9,mb,,,,,pde,pde19800807204545600_33,2013-02-08T21:40:29.813Z,"eastern Xizang",earthquake
1980-08-07T19:16:06.500Z,63.519,-151.294,10,5.2,mb,,,,,pde,pde19800807191606500_10,2013-02-08T21:40:29.812Z,"Central Alaska",earthquake
1980-08-07T17:21:33.700Z,11.665,142.203,51,4.7,mb,,,,,pde,pde19800807172133700_51,2013-02-08T21:40:29.811Z,"south of the Mariana Islands",earthquake
1980-08-07T16:43:19.700Z,-9.708,117.463,34,4.5,mb,,,,,pde,pde19800807164319700_34,2013-02-08T21:40:29.810Z,"Sumbawa region, Indonesia",earthquake
1980-08-07T16:13:36.700Z,37.517,-118.717,6,3,ml,,,,,pde,pde19800807161336700_6,2013-02-08T21:40:29.809Z,"Central California",earthquake
1980-08-07T03:39:01.100Z,19.979,121.308,33,4.9,mb,,,,,pde,pde19800807033901100_33,2013-02-08T21:40:29.808Z,"Babuyan Islands region, Philippines",earthquake
1980-08-07T02:10:01.800Z,39.336,23.101,10,3,ml,,,,,pde,pde19800807021001800_10,2013-02-08T21:40:29.807Z,"Aegean Sea",earthquake
1980-08-06T22:16:26.400Z,-46.087,165.732,33,4.7,mb,,,,,pde,pde19800806221626400_33,2013-02-08T21:40:29.806Z,"off the west coast of the South Island of New Zealand",earthquake
1980-08-06T21:27:36.200Z,-10.964,165.376,33,4.9,mb,,,,,pde,pde19800806212736200_33,2013-02-08T21:40:29.805Z,"Santa Cruz Islands",earthquake
1980-08-06T19:17:39.200Z,39.338,23.009,10,3.4,ml,,,,,pde,pde19800806191739200_10,2013-02-08T21:40:29.804Z,"Aegean Sea",earthquake
1980-08-06T18:47:50.900Z,-15.097,167.404,130,5.1,mb,,,,,pde,pde19800806184750900_130,2013-02-08T21:40:29.803Z,"Vanuatu",earthquake
1980-08-06T16:00:01.400Z,-10.501,-13.09,10,4.8,mb,,,,,pde,pde19800806160001400_10,2013-02-08T21:40:29.802Z,"Ascension Island region",earthquake
1980-08-06T15:39:43.600Z,19.813,-105.01,84,4.5,mb,,,,,pde,pde19800806153943600_84,2013-02-08T21:40:29.801Z,"Jalisco, Mexico",earthquake
1980-08-06T13:55:28.800Z,-33.208,-70.703,99,,,,,,,pde,pde19800806135528800_99,2013-02-08T21:40:29.801Z,"Region Metropolitana, Chile",earthquake
1980-08-06T12:50:48.100Z,26.743,126.359,83,4.4,mb,,,,,pde,pde19800806125048100_83,2013-02-08T21:40:29.800Z,"Ryukyu Islands, Japan",earthquake
1980-08-06T10:56:14.100Z,37.55,-118.917,5,3,ml,,,,,pde,pde19800806105614100_5,2013-02-08T21:40:29.799Z,"Central California",earthquake
1980-08-06T10:51:20.300Z,37.5,-118.85,5,3.5,ml,,,,,pde,pde19800806105120300_5,2013-02-08T21:40:29.798Z,"Central California",earthquake
1980-08-06T10:45:27.900Z,45.824,149.117,129,5.2,mb,,,,,pde,pde19800806104527900_129,2013-02-08T21:40:29.797Z,"Kuril Islands",earthquake
1980-08-06T10:42:39.400Z,37.667,-118.967,5,3.4,ml,,,,,pde,pde19800806104239400_5,2013-02-08T21:40:29.796Z,"Long Valley area, California",earthquake
1980-08-06T10:00:29.600Z,32.016,-116.217,6,3,ml,,,,,pde,pde19800806100029600_6,2013-02-08T21:40:29.795Z,"Baja California, Mexico",earthquake
1980-08-06T09:46:22.200Z,31.883,-116.2,5,4.2,ml,,,,,pde,pde19800806094622200_5,2013-02-08T21:40:29.794Z,"Baja California, Mexico",earthquake
1980-08-06T09:16:18.900Z,60.148,-152.654,122,,,,,,,pde,pde19800806091618900_122,2013-02-08T21:40:29.793Z,"Southern Alaska",earthquake
1980-08-06T09:05:50.000Z,-6.026,146.672,33,4.8,mb,,,,,pde,pde19800806090550000_33,2013-02-08T21:40:29.792Z,"eastern New Guinea region, Papua New Guinea",earthquake
1980-08-06T08:04:47.400Z,-2.258,141.743,33,,,,,,,pde,pde19800806080447400_33,2013-02-08T21:40:29.791Z,"near the north coast of New Guinea, Papua New Guinea",earthquake
1980-08-06T07:23:22.500Z,-10.772,165.055,33,5,ms,,,,,pde,pde19800806072322500_33,2013-02-08T21:40:29.790Z,"Santa Cruz Islands",earthquake
1980-08-06T05:15:14.700Z,-31.167,-67.468,124,,,,,,,pde,pde19800806051514700_124,2013-02-08T21:40:29.789Z,"San Juan, Argentina",earthquake
1980-08-06T02:59:22.000Z,-9.777,119.128,33,5,mb,,,,,pde,pde19800806025922000_33,2013-02-08T21:40:29.788Z,"Sumba region, Indonesia",earthquake
1980-08-06T01:59:06.100Z,-2.959,141.52,33,5.3,mb,,,,,pde,pde19800806015906100_33,2013-02-08T21:40:29.786Z,"near the north coast of New Guinea, Papua New Guinea",earthquake
1980-08-06T01:36:37.700Z,23.931,143.051,62,4.7,mb,,,,,pde,pde19800806013637700_62,2013-02-08T21:40:29.785Z,"Volcano Islands, Japan region",earthquake
1980-08-05T20:26:11.700Z,14.875,-105.116,10,5,ms,,,,,pde,pde19800805202611700_10,2013-02-08T21:40:29.784Z,"northern East Pacific Rise",earthquake
1980-08-05T17:38:02.600Z,-53.165,160.341,10,,,,,,,pde,pde19800805173802600_10,2013-02-08T21:40:29.783Z,"Macquarie Island region",earthquake
1980-08-05T13:37:30.500Z,39.898,21.946,10,3.3,ml,,,,,pde,pde19800805133730500_10,2013-02-08T21:40:29.782Z,"Greece",earthquake
1980-08-05T11:12:34.600Z,33.432,134.414,33,4.8,mb,,,,,pde,pde19800805111234600_33,2013-02-08T21:40:29.781Z,"Shikoku, Japan",earthquake
1980-08-05T10:03:02.500Z,39.069,22.899,10,4.3,mb,,,,,pde,pde19800805100302500_10,2013-02-08T21:40:29.780Z,"Greece",earthquake
1980-08-04T20:29:59.300Z,-23.854,-66.335,179,4.6,mb,,,,,pde,pde19800804202959300_179,2013-02-08T21:40:29.778Z,"Salta, Argentina",earthquake
1980-08-04T18:01:20.800Z,-0.129,124.673,71,5.1,mb,,,,,pde,pde19800804180120800_71,2013-02-08T21:40:29.777Z,"Molucca Sea",earthquake
1980-08-04T17:31:00.800Z,61.087,-151.87,96,3.8,mb,,,,,pde,pde19800804173100800_96,2013-02-08T21:40:29.776Z,"Southern Alaska",earthquake
1980-08-04T16:52:40.400Z,29.411,80.771,33,4.5,mb,,,,,pde,pde19800804165240400_33,2013-02-08T21:40:29.776Z,"Nepal-India border region",earthquake
1980-08-04T15:57:35.600Z,41.107,22.215,10,3.8,mb,,,,,pde,pde19800804155735600_10,2013-02-08T21:40:29.775Z,"Macedonia region",earthquake
1980-08-04T15:09:09.300Z,14.139,-92.934,33,4.8,mb,,,,,pde,pde19800804150909300_33,2013-02-08T21:40:29.774Z,"offshore Chiapas, Mexico",earthquake
1980-08-04T12:52:48.300Z,37.6,-118.9,4,3.4,ml,,,,,pde,pde19800804125248300_4,2013-02-08T21:40:29.773Z,"Long Valley area, California",earthquake
1980-08-04T09:40:44.700Z,42.346,-126.937,15,4.4,mb,,,,,pde,pde19800804094044700_15,2013-02-08T21:40:29.772Z,"off the coast of Oregon",earthquake
1980-08-04T08:58:49.300Z,14.22,-92.973,33,4.6,mb,,,,,pde,pde19800804085849300_33,2013-02-08T21:40:29.771Z,"offshore Chiapas, Mexico",earthquake
1980-08-04T08:21:59.100Z,16.292,-98.12,43,4.8,mb,,,,,pde,pde19800804082159100_43,2013-02-08T21:40:29.771Z,"Oaxaca, Mexico",earthquake
1980-08-04T08:14:40.700Z,-7.104,124.973,558,5,mb,,,,,pde,pde19800804081440700_558,2013-02-08T21:40:29.770Z,"Banda Sea",earthquake
1980-08-04T04:05:04.300Z,-19.097,169.023,159,5,mb,,,,,pde,pde19800804040504300_159,2013-02-08T21:40:29.769Z,"Vanuatu",earthquake
1980-08-04T03:13:23.800Z,3.043,124.175,346,4.8,mb,,,,,pde,pde19800804031323800_346,2013-02-08T21:40:29.768Z,"Celebes Sea",earthquake
1980-08-04T00:22:50.900Z,16.257,-95.706,33,5.1,mb,,,,,pde,pde19800804002250900_33,2013-02-08T21:40:29.767Z,"Oaxaca, Mexico",earthquake
1980-08-03T17:53:42.000Z,13.069,143.366,205,5.1,mb,,,,,pde,pde19800803175342000_205,2013-02-08T21:40:29.766Z,"Guam region",earthquake
1980-08-03T17:12:04.500Z,37.617,-118.9,5,3.3,ml,,,,,pde,pde19800803171204500_5,2013-02-08T21:40:29.765Z,"Long Valley area, California",earthquake
1980-08-03T15:24:57.500Z,-10.915,165.382,33,5.1,mb,,,,,pde,pde19800803152457500_33,2013-02-08T21:40:29.764Z,"Santa Cruz Islands",earthquake
1980-08-03T15:14:26.100Z,-10.441,123.636,38,,,,,,,pde,pde19800803151426100_38,2013-02-08T21:40:29.763Z,"Timor region, Indonesia",earthquake
1980-08-03T14:43:04.200Z,42.498,-124.56,15,4.5,mb,,,,,pde,pde19800803144304200_15,2013-02-08T21:40:29.762Z,"offshore Oregon",earthquake
1980-08-03T13:42:35.400Z,-35.58,-104.629,10,5.1,mb,,,,,pde,pde19800803134235400_10,2013-02-08T21:40:29.761Z,"southeast of Easter Island",earthquake
1980-08-03T10:02:55.700Z,37.55,-118.833,5,3.1,ml,,,,,pde,pde19800803100255700_5,2013-02-08T21:40:29.760Z,"Central California",earthquake
1980-08-03T09:04:23.400Z,42.348,-126.197,15,4.5,mb,,,,,pde,pde19800803090423400_15,2013-02-08T21:40:29.759Z,"off the coast of Oregon",earthquake
1980-08-03T08:24:02.000Z,42.399,-125.708,15,4.5,mb,,,,,pde,pde19800803082402000_15,2013-02-08T21:40:29.759Z,"off the coast of Oregon",earthquake
1980-08-03T07:59:52.200Z,62.199,-148.069,76,,,,,,,pde,pde19800803075952200_76,2013-02-08T21:40:29.758Z,"Central Alaska",earthquake
1980-08-03T07:32:42.200Z,37.58,-118.88,7,3.7,ml,,,,,pde,pde19800803073242200_7,2013-02-08T21:40:29.757Z,"Central California",earthquake
1980-08-03T07:11:43.000Z,51.999,-169.284,33,5.5,ms,,,,,pde,pde19800803071143000_33,2013-02-08T21:40:29.756Z,"Fox Islands, Aleutian Islands, Alaska",earthquake
1980-08-03T04:49:00.100Z,37.667,-118.95,2,3.7,ml,,,,,pde,pde19800803044900100_2,2013-02-08T21:40:29.754Z,"Long Valley area, California",earthquake
1980-08-03T03:35:09.400Z,37.667,-118.967,5,3.4,ml,,,,,pde,pde19800803033509400_5,2013-02-08T21:40:29.753Z,"Long Valley area, California",earthquake
1980-08-03T03:00:49.700Z,-35.251,-69.991,151,5.3,mb,,,,,pde,pde19800803030049700_151,2013-02-08T21:40:29.752Z,"Mendoza, Argentina",earthquake
1980-08-03T02:58:35.100Z,37.55,-118.85,5,3,ml,,,,,pde,pde19800803025835100_5,2013-02-08T21:40:29.751Z,"Central California",earthquake
1980-08-03T02:58:18.700Z,37.639,-118.962,5,3,ml,,,,,pde,pde19800803025818700_5,2013-02-08T21:40:29.750Z,"Long Valley area, California",earthquake
1980-08-03T01:14:01.800Z,39.345,23.118,10,3.1,ml,,,,,pde,pde19800803011401800_10,2013-02-08T21:40:29.749Z,"Aegean Sea",earthquake
1980-08-03T00:34:32.700Z,37.567,-118.883,7,3.2,ml,,,,,pde,pde19800803003432700_7,2013-02-08T21:40:29.748Z,"Central California",earthquake
1980-08-02T23:56:38.000Z,-0.06,124.947,80,5.3,mb,,,,,pde,pde19800802235638000_80,2013-02-08T21:40:29.747Z,"Molucca Sea",earthquake
1980-08-02T23:15:41.000Z,41.836,-126.031,15,4,mb,,,,,pde,pde19800802231541000_15,2013-02-08T21:40:29.746Z,"off the coast of Northern California",earthquake
1980-08-02T21:47:44.900Z,-11.384,166.495,33,5.3,mb,,,,,pde,pde19800802214744900_33,2013-02-08T21:40:29.745Z,"Santa Cruz Islands",earthquake
1980-08-02T21:38:22.500Z,-11.366,165.559,33,4.6,mb,,,,,pde,pde19800802213822500_33,2013-02-08T21:40:29.744Z,"Santa Cruz Islands",earthquake
1980-08-02T17:51:45.200Z,37.6,-118.783,5,3.1,ml,,,,,pde,pde19800802175145200_5,2013-02-08T21:40:29.743Z,"Central California",earthquake
1980-08-02T17:09:43.500Z,37.573,-118.908,5,3.9,ml,,,,,pde,pde19800802170943500_5,2013-02-08T21:40:29.742Z,"Central California",earthquake
1980-08-02T16:20:08.300Z,-11.06,165.494,33,4.8,mb,,,,,pde,pde19800802162008300_33,2013-02-08T21:40:29.741Z,"Santa Cruz Islands",earthquake
1980-08-02T15:58:07.400Z,-11.144,165.333,33,5.3,mb,,,,,pde,pde19800802155807400_33,2013-02-08T21:40:29.740Z,"Santa Cruz Islands",earthquake
1980-08-02T15:47:25.000Z,-11.061,165.538,18.1,6.2,ms,190,,,,centennial,centennial19800802154725,2014-03-17T23:03:50.569Z,"Santa Cruz Islands",earthquake
1980-08-02T15:40:29.200Z,59.896,-149.181,33,3.1,ml,,,,,pde,pde19800802154029200_33,2013-02-08T21:40:29.738Z,"Kenai Peninsula, Alaska",earthquake
1980-08-02T10:46:15.000Z,52.227,-169.339,33,4.5,mb,,,,,pde,pde19800802104615000_33,2013-02-08T21:40:29.718Z,"Fox Islands, Aleutian Islands, Alaska",earthquake
1980-08-02T09:06:59.300Z,-27.794,-176.139,60,4.7,mb,,,,,pde,pde19800802090659300_60,2013-02-08T21:40:29.717Z,"Kermadec Islands region",earthquake
1980-08-02T07:07:17.300Z,52.112,-169.365,33,5.3,mb,,,,,pde,pde19800802070717300_33,2013-02-08T21:40:29.715Z,"Fox Islands, Aleutian Islands, Alaska",earthquake
1980-08-02T06:49:25.900Z,-11.09,165.423,33,5.3,ms,,,,,pde,pde19800802064925900_33,2013-02-08T21:40:29.714Z,"Santa Cruz Islands",earthquake
1980-08-02T01:15:50.100Z,37.568,-118.896,5,3.6,ml,,,,,pde,pde19800802011550100_5,2013-02-08T21:40:29.713Z,"Central California",earthquake
1980-08-02T00:53:40.800Z,14.523,-92.937,50,5.1,ms,,,,,pde,pde19800802005340800_50,2013-02-08T21:40:29.711Z,"offshore Chiapas, Mexico",earthquake
1980-08-01T23:49:12.000Z,16.623,147.302,77,4.9,mb,,,,,pde,pde19800801234912000_77,2013-02-08T21:40:29.710Z,"Mariana Islands region",earthquake
1980-08-01T23:07:14.700Z,59.617,-148.937,26,5.4,mb,,,,,pde,pde19800801230714700_26,2013-02-08T21:40:29.707Z,"Kenai Peninsula, Alaska",earthquake
1980-08-01T22:20:07.500Z,37.567,-118.883,6,3.6,ml,,,,,pde,pde19800801222007500_6,2013-02-08T21:40:29.706Z,"Central California",earthquake
1980-08-01T21:22:07.200Z,-25.156,179.537,515,4.9,mb,,,,,pde,pde19800801212207200_515,2013-02-08T21:40:29.705Z,"south of the Fiji Islands",earthquake
1980-08-01T19:56:26.500Z,37.683,-118.967,5,3.4,ml,,,,,pde,pde19800801195626500_5,2013-02-08T21:40:29.704Z,"Long Valley area, California",earthquake
1980-08-01T19:03:36.200Z,-20.524,-178.857,615,4.6,mb,,,,,pde,pde19800801190336200_615,2013-02-08T21:40:29.702Z,"Fiji region",earthquake
1980-08-01T18:52:50.800Z,37.646,-118.843,5,3.6,ml,,,,,pde,pde19800801185250800_5,2013-02-08T21:40:29.700Z,"Long Valley area, California",earthquake
1980-08-01T18:32:20.200Z,-31.189,-68.503,123,,,,,,,pde,pde19800801183220200_123,2013-02-08T21:40:29.699Z,"San Juan, Argentina",earthquake
1980-08-01T18:28:44.300Z,37.595,-118.885,5,3.3,ml,,,,,pde,pde19800801182844300_5,2013-02-08T21:40:29.697Z,"Long Valley area, California",earthquake
1980-08-01T18:16:34.900Z,37.567,-118.867,6,3.4,ml,,,,,pde,pde19800801181634900_6,2013-02-08T21:40:29.695Z,"Central California",earthquake
1980-08-01T17:48:15.700Z,37.57,-118.875,5,3.7,ml,,,,,pde,pde19800801174815700_5,2013-02-08T21:40:29.694Z,"Central California",earthquake
1980-08-01T17:47:59.000Z,37.517,-118.833,5,3.2,ml,,,,,pde,pde19800801174759000_5,2013-02-08T21:40:29.692Z,"Central California",earthquake
1980-08-01T17:42:27.800Z,23.889,121.705,28,4.6,mb,,,,,pde,pde19800801174227800_28,2013-02-08T21:40:29.690Z,"Taiwan",earthquake
1980-08-01T17:32:55.000Z,37.58,-118.897,5,3.4,ml,,,,,pde,pde19800801173255000_5,2013-02-08T21:40:29.689Z,"Central California",earthquake
1980-08-01T17:09:17.500Z,37.578,-118.88,8,4.1,ml,,,,,pde,pde19800801170917500_8,2013-02-08T21:40:29.687Z,"Central California",earthquake
1980-08-01T16:59:13.500Z,37.517,-118.867,5,3.5,ml,,,,,pde,pde19800801165913500_5,2013-02-08T21:40:29.686Z,"Central California",earthquake
1980-08-01T16:52:32.400Z,37.473,-118.89,5,3.7,ml,,,,,pde,pde19800801165232400_5,2013-02-08T21:40:29.684Z,"Central California",earthquake
1980-08-01T16:52:15.000Z,37.517,-118.883,5,3.2,ml,,,,,pde,pde19800801165215000_5,2013-02-08T21:40:29.683Z,"Central California",earthquake
1980-08-01T16:48:54.900Z,37.555,-118.903,5,4.2,mb,,,,,pde,pde19800801164854900_5,2013-02-08T21:40:29.682Z,"Central California",earthquake
1980-08-01T16:47:47.800Z,37.533,-118.817,5,3,ml,,,,,pde,pde19800801164747800_5,2013-02-08T21:40:29.681Z,"Central California",earthquake
1980-08-01T16:42:56.000Z,37.517,-118.9,5,3.9,ml,,,,,pde,pde19800801164256000_5,2013-02-08T21:40:29.679Z,"Central California",earthquake
1980-08-01T16:38:56.300Z,37.56,-118.893,4,5,ms,,,,,pde,pde19800801163856300_4,2013-02-08T21:40:29.678Z,"Central California",earthquake
1980-08-01T14:39:14.000Z,60.181,-153.147,121,,,,,,,pde,pde19800801143914000_121,2013-02-08T21:40:29.676Z,"Southern Alaska",earthquake
1980-08-01T11:22:17.500Z,-23.837,-66.692,209,4.6,mb,,,,,pde,pde19800801112217500_209,2013-02-08T21:40:29.656Z,"Jujuy, Argentina",earthquake
1980-08-01T10:05:45.100Z,23.064,144.073,33,4.5,mb,,,,,pde,pde19800801100545100_33,2013-02-08T21:40:29.654Z,"Volcano Islands, Japan region",earthquake
1980-08-01T10:03:23.800Z,2.635,-79.093,26,4.5,mb,,,,,pde,pde19800801100323800_26,2013-02-08T21:40:29.639Z,"south of Panama",earthquake
1980-08-01T08:16:17.500Z,12.694,-87.472,78,5.2,mb,,,,,pde,pde19800801081617500_78,2013-02-08T21:40:29.638Z,"near the coast of Nicaragua",earthquake
1980-08-01T07:46:41.200Z,39.41,23.319,10,3.4,ml,,,,,pde,pde19800801074641200_10,2013-02-08T21:40:29.637Z,"Aegean Sea",earthquake
1980-08-01T04:20:33.700Z,11.926,93.782,154,4.9,mb,,,,,pde,pde19800801042033700_154,2013-02-08T21:40:29.636Z,"Andaman Islands, India region",earthquake
1980-08-01T04:05:38.500Z,59.908,-152.721,118,,,,,,,pde,pde19800801040538500_118,2013-02-08T21:40:29.635Z,"Southern Alaska",earthquake
1980-08-01T03:27:27.500Z,39.229,23.085,10,3.6,mb,,,,,pde,pde19800801032727500_10,2013-02-08T21:40:29.634Z,"Aegean Sea",earthquake
1980-08-01T02:22:39.100Z,23.861,96.076,33,4.6,mb,,,,,pde,pde19800801022239100_33,2013-02-08T21:40:29.633Z,"Myanmar",earthquake
